<?xml version="1.0" encoding="UTF-8" ?>
<extension type="file" method="upgrade" version="2.5">
    <name>com_j2store - zh-TW</name>
    <version>2018-10-22-01-42-36</version>
    <creationDate>22.10.2018</creationDate>
    <author>j2store</author>
    <authorEmail>support@j2store.org</authorEmail>
    <authorUrl>https://j2store.org</authorUrl>
    <copyright>© 2013-2018 - j2store-org. All rights reserved!</copyright>
    <license>GNU General Public License version 2 or later; see LICENSE.txt</license>
    <packager>CTransifex</packager>
    <packagerurl>https://compojoom.com</packagerurl>
    <description>
        <![CDATA[This package was auto generated with CTransifex(https://compojoom.com). We've grabbed the latest language files for our extension from transifex.com.
        Special thanks to OpenTranslators (http://opentranslators.org) for helping us with this translation!]]>
    </description>
    <fileset>
        <files folder="admin" target="administrator/language/zh-TW"><filename>zh-TW.com_j2store.ini</filename></files>
        <files folder="frontend" target="language/zh-TW"><filename>zh-TW.com_j2store.ini</filename></files>
    </fileset>
</extension>